student_id,name,foundation,heme,msk,neuro,renal,cv,pulm,behavioral_science,endo,repro
STU0001,Student_1,66.5,77.4,68.3,64.1,82.5,78.5,71.6,76.5,72.6,71.0
STU0002,Student_2,71.7,69.1,67.1,67.0,65.0,73.7,65.5,73.7,53.9,69.0
STU0003,Student_3,67.7,63.5,58.1,58.1,61.1,68.8,51.9,65.6,72.1,70.3
STU0004,Student_4,72.0,72.8,60.8,64.0,56.5,72.5,62.0,71.1,55.2,73.1
STU0005,Student_5,73.1,62.1,63.8,63.5,62.2,73.3,62.8,66.8,67.8,72.6
STU0006,Student_6,68.1,80.3,74.4,72.4,74.0,78.3,66.7,86.9,74.8,86.5
STU0007,Student_7,73.7,60.8,62.9,73.1,78.8,70.4,72.1,66.9,69.2,66.0
STU0008,Student_8,64.8,66.7,57.4,71.9,64.1,64.2,71.9,69.9,58.6,59.2
STU0009,Student_9,69.8,71.8,59.6,67.6,78.3,68.1,64.3,71.9,74.0,66.8
STU0010,Student_10,79.6,68.3,73.6,75.5,74.8,63.5,73.7,85.0,58.9,71.3
STU0011,Student_11,80.3,69.3,71.8,61.2,78.9,62.3,62.2,67.5,66.5,55.8
STU0012,Student_12,70.6,53.8,58.0,60.6,55.4,55.0,55.4,56.8,51.4,57.1
STU0013,Student_13,79.7,62.8,75.1,61.1,84.5,70.4,64.8,67.5,62.6,67.0
STU0014,Student_14,59.1,55.5,56.9,62.9,52.4,66.1,61.2,62.5,58.3,63.0
STU0015,Student_15,75.9,64.6,73.0,85.3,64.4,70.5,66.8,67.2,76.8,74.4
STU0016,Student_16,67.3,62.8,61.3,56.8,50.2,66.2,66.8,61.0,55.8,57.6
STU0017,Student_17,69.4,59.2,64.5,47.2,81.0,72.7,64.6,57.8,69.6,70.7
STU0018,Student_18,62.8,64.7,54.8,52.9,63.8,57.5,55.3,64.4,57.9,64.9
STU0019,Student_19,60.0,45.3,67.0,59.3,48.7,55.9,44.4,53.3,44.3,48.9
STU0020,Student_20,75.1,69.8,68.8,74.6,80.2,70.9,74.6,68.3,69.1,71.0
STU0021,Student_21,69.2,67.5,65.4,70.4,74.4,79.2,76.9,80.6,67.0,58.7
STU0022,Student_22,64.6,73.7,66.7,69.7,76.9,68.3,66.4,60.9,57.7,59.1
STU0023,Student_23,78.5,74.9,73.0,73.4,59.9,64.0,86.8,80.1,73.2,68.8
STU0024,Student_24,49.2,45.8,35.8,53.3,43.3,47.2,55.9,46.3,46.3,48.1
STU0025,Student_25,69.9,69.1,72.2,69.7,60.6,75.5,63.3,77.6,52.2,60.7
STU0026,Student_26,83.7,64.0,75.5,86.1,61.9,75.5,75.1,84.8,63.6,75.1
STU0027,Student_27,69.5,69.5,60.5,69.4,75.2,71.6,72.3,67.2,70.2,62.9
STU0028,Student_28,72.3,78.7,72.6,69.6,61.9,68.3,59.8,63.7,57.6,67.3
STU0029,Student_29,74.1,70.7,72.7,64.6,73.0,62.1,76.9,76.2,69.5,72.9
STU0030,Student_30,56.3,62.2,51.4,54.2,76.3,64.1,63.6,63.3,64.7,64.7
STU0031,Student_31,77.5,70.4,77.8,76.6,62.3,56.8,68.0,68.9,55.4,67.4
STU0032,Student_32,75.7,82.6,79.9,75.4,71.8,71.7,80.7,86.7,64.4,68.0
STU0033,Student_33,59.7,54.7,66.1,70.7,66.5,73.6,78.4,66.5,76.9,64.4
STU0034,Student_34,66.9,60.2,80.8,69.1,76.1,72.5,71.8,74.7,71.1,69.2
STU0035,Student_35,65.3,70.7,69.0,62.0,63.4,66.4,68.1,77.6,63.9,67.5
STU0036,Student_36,73.0,66.0,69.0,67.8,64.3,72.6,80.0,78.1,61.6,71.6
STU0037,Student_37,65.6,73.8,59.1,73.0,70.6,63.9,71.0,67.4,59.2,74.3
STU0038,Student_38,71.6,69.5,74.2,72.8,72.2,70.7,69.0,73.0,60.8,77.0
STU0039,Student_39,80.2,61.9,76.4,58.7,58.2,77.8,74.0,68.0,78.2,69.1
STU0040,Student_40,68.2,55.9,62.7,59.5,53.5,58.4,64.9,61.3,56.2,68.7
STU0041,Student_41,68.3,46.6,57.4,74.8,73.0,63.7,66.3,69.2,69.6,68.8
STU0042,Student_42,68.8,62.8,63.8,59.7,65.2,61.3,55.0,66.6,59.0,60.0
STU0043,Student_43,72.9,66.0,65.2,50.7,59.9,55.9,56.7,70.6,57.4,72.8
STU0044,Student_44,63.0,70.9,62.8,84.8,70.4,66.6,67.3,82.3,68.1,73.2
STU0045,Student_45,57.0,64.2,45.4,59.3,55.3,66.4,50.5,53.7,36.4,49.3
STU0046,Student_46,53.7,72.6,67.3,61.3,68.0,66.3,60.1,66.5,61.5,68.1
STU0047,Student_47,70.7,67.4,48.8,62.7,57.0,58.9,72.2,72.6,64.8,70.3
STU0048,Student_48,71.0,55.2,69.0,74.2,61.1,58.0,67.4,68.2,72.3,68.2
STU0049,Student_49,82.5,78.3,69.4,67.2,74.2,72.5,75.0,85.1,58.6,74.5
STU0050,Student_50,75.7,70.2,74.2,72.2,63.9,75.7,58.1,74.6,72.2,62.7
STU0051,Student_51,67.5,66.2,59.3,65.3,66.2,62.0,60.7,68.8,67.5,68.4
STU0052,Student_52,65.2,72.6,69.3,65.0,55.6,73.7,69.5,79.1,72.5,66.4
STU0053,Student_53,74.7,62.2,65.5,67.9,70.3,71.1,73.2,64.6,66.9,71.3
STU0054,Student_54,60.6,74.8,61.0,57.4,67.4,63.8,56.5,64.7,66.3,64.4
STU0055,Student_55,72.5,64.3,74.2,75.4,72.0,60.9,71.1,75.6,57.8,64.1
STU0056,Student_56,73.8,70.7,61.1,56.4,64.8,70.9,79.6,63.8,68.3,61.0
STU0057,Student_57,71.2,61.6,78.1,57.4,69.9,69.4,72.0,77.2,64.7,59.8
STU0058,Student_58,65.3,52.4,50.0,60.0,50.6,63.0,53.4,55.3,44.4,62.3
STU0059,Student_59,70.9,74.7,65.4,66.6,62.3,58.6,63.2,71.7,54.5,58.1
STU0060,Student_60,57.5,59.6,66.2,61.9,68.1,61.4,61.4,70.1,58.8,62.5
STU0061,Student_61,72.5,70.2,67.8,64.8,61.9,66.0,63.2,69.2,56.4,67.4
STU0062,Student_62,75.2,70.5,80.9,63.6,60.8,67.0,68.3,61.8,69.1,73.1
STU0063,Student_63,69.9,66.6,60.4,70.2,61.8,68.9,57.4,65.0,52.1,60.6
STU0064,Student_64,64.4,75.9,55.8,63.6,66.4,64.3,60.2,73.1,49.6,67.1
STU0065,Student_65,64.2,65.8,58.9,60.7,62.7,62.1,65.9,70.5,74.5,77.9
STU0066,Student_66,67.6,57.2,71.9,63.5,70.2,78.2,67.2,57.0,72.6,79.6
STU0067,Student_67,69.2,58.7,66.0,76.1,65.6,69.8,59.8,73.8,54.1,70.4
STU0068,Student_68,67.1,74.4,70.0,54.8,75.1,64.9,69.2,74.6,68.3,73.4
STU0069,Student_69,75.3,73.2,61.3,71.4,78.6,73.3,70.5,69.1,75.3,65.1
STU0070,Student_70,64.1,59.4,73.4,53.9,74.5,63.7,74.8,78.0,70.0,74.4
STU0071,Student_71,71.0,65.5,60.2,66.4,61.7,61.5,69.1,69.5,68.8,69.8
STU0072,Student_72,71.8,65.4,75.8,62.9,60.9,74.9,71.3,68.4,74.4,73.0
STU0073,Student_73,83.8,64.8,85.6,48.5,64.6,55.1,63.1,72.1,59.5,63.8
STU0074,Student_74,61.4,58.7,68.7,67.6,62.5,72.7,70.9,80.4,65.4,67.1
STU0075,Student_75,77.6,62.7,69.4,60.9,56.8,64.1,68.7,78.7,64.1,68.3
STU0076,Student_76,67.9,60.2,60.0,46.2,59.9,62.6,70.1,70.0,60.6,67.0
STU0077,Student_77,68.3,68.9,49.7,67.2,58.5,65.5,68.0,69.4,58.6,67.3
STU0078,Student_78,65.7,68.3,57.3,70.8,56.3,65.8,66.3,70.4,61.0,60.0
STU0079,Student_79,69.1,63.5,55.3,72.6,60.2,58.1,63.3,60.5,62.2,56.9
STU0080,Student_80,68.8,65.2,56.1,67.4,74.0,71.4,68.8,74.3,57.9,78.0
STU0081,Student_81,80.1,70.2,79.9,66.7,68.7,69.1,75.7,68.3,72.4,84.8
STU0082,Student_82,67.5,62.9,68.6,75.2,83.5,59.0,63.5,73.0,58.9,71.4
STU0083,Student_83,64.7,48.5,57.1,65.6,55.1,53.8,51.4,57.7,51.9,48.5
STU0084,Student_84,69.7,65.5,67.9,77.1,67.6,79.6,72.3,77.4,67.0,67.5
STU0085,Student_85,72.6,66.8,68.2,60.9,69.0,80.9,73.2,74.6,71.0,74.5
STU0086,Student_86,62.9,59.8,72.6,65.9,67.2,71.0,61.5,53.5,50.0,75.9
STU0087,Student_87,70.1,66.4,63.7,65.7,66.4,56.7,64.4,69.4,69.1,58.6
STU0088,Student_88,80.9,74.9,72.4,53.6,82.7,72.4,69.1,76.7,63.0,69.9
STU0089,Student_89,70.3,58.4,65.9,69.3,60.8,73.3,53.9,74.2,74.8,70.4
STU0090,Student_90,63.0,62.4,58.3,76.3,66.2,65.9,60.3,64.6,56.4,67.9
STU0091,Student_91,63.0,66.3,56.4,69.5,67.2,71.8,66.2,79.8,64.9,66.2
STU0092,Student_92,69.7,71.3,53.7,77.1,56.1,70.4,67.5,73.8,79.9,60.2
STU0093,Student_93,56.8,64.3,61.1,62.8,67.8,62.9,73.1,69.8,60.0,68.6
STU0094,Student_94,65.3,59.3,67.7,65.2,75.6,63.8,60.4,77.5,74.9,76.0
STU0095,Student_95,65.5,54.0,51.7,62.0,54.2,48.8,56.3,67.2,60.0,62.2
STU0096,Student_96,83.3,73.5,71.6,64.2,71.3,74.6,55.9,71.4,73.8,76.3
STU0097,Student_97,91.8,79.7,71.9,62.8,58.9,73.2,69.4,62.6,71.0,70.6
STU0098,Student_98,65.5,52.6,50.4,73.5,56.2,69.6,63.9,67.4,70.4,62.4
STU0099,Student_99,80.1,71.7,61.5,76.7,74.8,59.8,65.6,76.6,62.2,76.1
STU0100,Student_100,73.9,78.2,71.8,60.0,65.2,73.7,77.2,71.5,61.1,73.3
STU0101,Student_101,55.5,53.4,55.6,58.6,44.6,66.7,59.5,61.8,47.4,57.8
STU0102,Student_102,71.4,70.4,57.2,63.2,66.4,66.3,66.8,70.6,65.0,76.3
STU0103,Student_103,66.1,59.1,63.3,63.3,58.1,62.3,60.8,73.8,59.7,57.9
STU0104,Student_104,80.9,77.5,83.9,78.7,73.0,79.3,84.5,79.7,80.8,75.5
STU0105,Student_105,75.5,65.5,79.9,80.4,79.2,88.2,75.4,81.6,82.6,77.4
STU0106,Student_106,56.9,48.1,61.1,60.9,53.2,55.6,57.5,69.1,54.0,60.4
STU0107,Student_107,57.4,70.8,59.9,72.2,56.3,65.0,53.0,75.9,57.0,69.8
STU0108,Student_108,74.9,62.5,63.0,68.3,68.0,62.7,65.6,62.6,56.4,68.3
STU0109,Student_109,74.8,71.5,76.2,76.1,79.2,69.9,78.8,74.9,86.2,69.0
STU0110,Student_110,52.5,45.1,54.0,44.9,60.8,52.8,68.4,61.8,53.7,55.0
STU0111,Student_111,71.0,59.8,71.9,82.2,62.3,76.8,68.9,80.5,69.9,70.5
STU0112,Student_112,82.1,74.2,74.7,75.8,79.8,86.0,69.8,79.6,63.4,81.4
STU0113,Student_113,64.5,56.7,65.6,63.7,53.9,63.3,53.2,62.8,58.9,64.3
STU0114,Student_114,60.9,65.3,62.0,47.8,73.7,59.4,66.0,70.0,63.9,66.1
STU0115,Student_115,75.7,69.2,70.3,57.1,56.4,81.5,54.3,74.1,62.0,68.7
STU0116,Student_116,68.4,59.0,61.5,63.2,64.2,53.1,60.0,57.9,61.9,56.3
STU0117,Student_117,76.2,72.8,64.1,70.4,64.7,66.5,76.1,76.1,84.9,67.5
STU0118,Student_118,76.8,79.2,54.8,51.6,81.1,56.4,71.3,78.5,59.8,71.2
STU0119,Student_119,70.4,54.0,70.2,65.7,63.0,69.0,59.0,74.3,51.2,59.4
STU0120,Student_120,78.8,69.7,70.4,63.0,60.9,75.4,73.2,77.1,61.4,80.7
STU0121,Student_121,71.4,73.1,52.2,73.3,60.0,80.4,66.3,68.9,74.4,74.2
STU0122,Student_122,78.7,81.3,66.6,69.4,76.6,63.1,67.5,75.8,77.9,77.4
STU0123,Student_123,70.6,56.2,69.4,64.0,70.9,74.0,77.0,71.6,62.0,68.3
STU0124,Student_124,60.9,63.4,62.0,71.3,63.0,64.9,62.7,67.8,63.2,65.4
STU0125,Student_125,76.4,79.0,65.1,60.4,68.5,74.4,74.7,74.2,61.9,63.1
STU0126,Student_126,64.9,74.4,79.4,60.6,74.4,59.3,54.8,68.2,74.8,70.3
STU0127,Student_127,67.0,71.1,61.0,65.3,68.7,78.3,77.6,79.9,64.6,70.9
STU0128,Student_128,71.1,59.8,54.2,64.5,50.2,65.4,70.3,58.0,56.9,63.1
STU0129,Student_129,77.2,67.7,70.1,57.2,62.5,68.9,69.8,70.8,71.9,73.5
STU0130,Student_130,74.8,65.7,65.1,48.4,63.5,67.1,67.0,67.4,60.0,69.9
STU0131,Student_131,69.3,67.3,70.9,72.1,75.4,63.0,72.1,82.9,64.8,65.3
STU0132,Student_132,48.4,53.0,58.2,45.8,62.6,48.5,48.6,54.0,50.9,49.7
STU0133,Student_133,70.3,70.3,69.7,63.8,73.2,65.8,72.8,69.1,72.9,79.0
STU0134,Student_134,67.4,60.4,66.7,47.8,64.8,51.7,59.0,64.7,73.8,69.9
STU0135,Student_135,65.3,66.3,59.6,54.8,66.1,67.5,58.4,75.0,64.5,61.0
STU0136,Student_136,79.7,89.8,69.8,67.8,64.2,77.6,77.7,58.4,74.0,70.7
STU0137,Student_137,76.9,65.6,76.4,81.1,74.0,71.5,82.9,74.6,73.2,77.0
STU0138,Student_138,69.7,67.7,65.5,56.8,57.8,66.8,60.5,83.6,58.1,66.2
STU0139,Student_139,69.9,68.9,77.7,83.2,63.1,71.1,68.5,80.1,75.9,77.1
STU0140,Student_140,70.9,70.0,68.6,58.1,66.6,67.4,61.5,63.2,64.9,81.9
STU0141,Student_141,70.1,68.4,66.9,60.0,67.4,63.0,72.4,70.9,55.7,69.8
STU0142,Student_142,66.6,74.0,61.9,77.6,71.9,62.3,62.1,72.4,64.3,73.6
STU0143,Student_143,57.1,64.2,55.5,55.1,58.3,62.4,58.3,64.2,53.4,46.9
STU0144,Student_144,70.8,71.1,68.2,62.7,69.6,68.5,74.2,83.0,63.8,67.5
STU0145,Student_145,66.2,73.2,65.7,61.7,67.8,78.0,64.8,71.0,73.7,73.7
STU0146,Student_146,79.0,51.1,80.3,73.5,64.1,65.7,72.4,66.4,67.2,69.3
STU0147,Student_147,74.9,83.8,68.3,81.4,74.3,66.4,71.0,80.8,80.6,47.6
STU0148,Student_148,64.4,66.3,65.3,54.7,56.8,70.8,61.9,63.0,63.2,68.4
STU0149,Student_149,47.8,65.4,64.3,55.0,58.9,61.4,51.5,55.7,56.4,70.4
STU0150,Student_150,71.1,66.5,73.6,72.1,77.1,78.2,80.6,67.8,65.4,63.0
STU0151,Student_151,69.6,63.8,84.1,58.8,62.5,75.9,63.7,63.6,66.8,78.8
STU0152,Student_152,55.3,58.3,53.2,54.0,55.7,52.1,59.2,55.4,55.0,41.2
STU0153,Student_153,70.5,60.1,61.0,57.3,53.9,58.4,59.3,56.8,48.2,66.4
STU0154,Student_154,67.8,68.6,59.7,72.3,61.1,64.6,59.4,71.5,60.5,67.2
STU0155,Student_155,76.6,73.9,62.9,72.9,57.0,57.5,62.4,63.3,62.1,53.3
STU0156,Student_156,69.6,55.8,67.5,61.8,74.1,64.5,75.7,53.0,67.6,70.4
STU0157,Student_157,65.8,69.9,68.0,58.9,69.0,71.2,64.4,60.8,64.3,71.0
STU0158,Student_158,71.8,70.4,71.1,72.3,72.1,70.9,63.3,70.7,63.7,73.0
STU0159,Student_159,72.1,68.8,77.4,62.7,81.9,60.3,71.6,69.8,70.9,74.1
STU0160,Student_160,74.3,52.5,59.9,63.4,58.7,50.9,60.6,73.4,58.2,60.1
STU0161,Student_161,58.9,74.1,67.0,67.1,90.0,80.6,92.7,70.4,48.2,60.1
STU0162,Student_162,57.2,51.5,84.6,56.9,63.6,65.6,68.6,75.1,61.3,71.9
STU0163,Student_163,67.4,72.9,69.9,58.5,68.5,63.5,65.7,71.6,73.7,79.7
STU0164,Student_164,68.7,57.0,60.1,74.5,61.9,63.9,75.4,69.4,52.4,73.9
STU0165,Student_165,73.6,67.8,61.1,63.3,68.0,56.8,55.0,65.8,65.7,56.0
STU0166,Student_166,75.3,69.7,62.4,79.8,74.3,78.7,70.6,73.1,79.1,61.9
STU0167,Student_167,51.8,59.7,57.1,45.2,49.3,48.5,64.5,50.9,44.3,47.5
STU0168,Student_168,67.8,58.5,55.6,58.8,70.1,67.5,58.4,63.6,57.2,50.6
STU0169,Student_169,74.6,61.9,65.8,81.4,66.1,65.8,54.7,68.1,54.8,67.2
STU0170,Student_170,84.2,77.8,79.2,70.2,81.0,89.4,78.0,78.9,90.0,84.0
STU0171,Student_171,75.1,75.6,70.9,50.1,58.9,68.0,76.3,75.8,64.2,59.2
STU0172,Student_172,78.3,78.2,67.2,81.3,75.6,79.2,76.6,80.0,72.5,79.8
STU0173,Student_173,62.2,61.1,54.6,54.4,60.6,67.3,57.6,64.1,70.6,67.7
STU0174,Student_174,67.5,59.8,61.4,58.2,55.1,64.4,56.4,65.1,63.5,58.6
STU0175,Student_175,71.9,59.1,72.0,61.9,61.8,70.5,65.1,71.8,60.6,68.7
STU0176,Student_176,66.5,67.0,65.4,63.5,81.2,62.0,66.4,62.8,57.5,53.3
STU0177,Student_177,79.5,57.3,61.5,58.6,64.9,80.2,76.9,72.1,69.7,67.2
STU0178,Student_178,66.8,84.4,82.8,75.2,67.3,72.6,85.9,79.1,72.7,80.1
STU0179,Student_179,51.2,58.5,51.0,58.1,50.8,56.7,60.2,55.5,40.4,59.2
STU0180,Student_180,56.1,76.7,56.1,50.7,58.9,60.3,52.1,55.3,58.4,64.0
STU0181,Student_181,58.8,51.8,50.8,50.7,60.8,60.5,49.8,60.0,46.1,60.9
STU0182,Student_182,55.9,54.7,63.0,49.8,57.3,51.6,58.4,61.5,64.2,54.3
STU0183,Student_183,59.6,78.3,69.6,52.9,69.4,67.7,57.4,65.8,65.4,68.8
STU0184,Student_184,63.8,75.4,70.4,61.5,61.2,65.6,65.7,84.5,58.8,74.2
STU0185,Student_185,58.0,56.7,68.4,59.1,61.6,49.9,62.7,69.0,53.8,61.1
STU0186,Student_186,78.3,63.0,79.7,55.5,53.4,60.6,53.6,71.7,45.8,63.9
STU0187,Student_187,82.7,69.9,56.5,64.9,63.6,61.8,62.8,77.3,59.7,69.3
STU0188,Student_188,65.4,67.7,59.2,62.8,57.5,53.6,64.8,79.1,70.5,62.5
STU0189,Student_189,57.6,53.2,51.9,49.8,47.4,57.6,60.5,56.4,70.9,61.4
STU0190,Student_190,66.2,70.6,63.7,73.3,76.6,73.3,77.5,60.1,73.7,68.3
STU0191,Student_191,50.6,49.7,51.0,67.9,62.9,62.5,63.5,60.6,56.9,62.9
STU0192,Student_192,66.4,66.0,61.5,58.7,70.0,67.8,65.1,71.2,59.6,65.8
STU0193,Student_193,58.7,65.7,52.7,63.4,61.0,49.2,57.4,66.6,53.5,61.4
STU0194,Student_194,63.8,60.9,63.2,57.5,65.8,52.5,54.9,66.9,74.3,60.9
STU0195,Student_195,61.8,58.9,68.3,69.1,55.1,81.2,65.6,79.7,65.6,66.8
STU0196,Student_196,75.0,84.0,79.4,86.3,81.6,69.7,79.7,82.6,89.8,68.2
STU0197,Student_197,72.6,72.1,71.7,70.5,68.9,72.7,71.4,77.1,76.9,72.5
STU0198,Student_198,64.7,55.8,63.3,44.3,62.9,55.1,46.4,58.4,45.9,62.4
STU0199,Student_199,71.8,65.5,63.2,67.7,68.0,66.9,61.7,64.3,60.2,72.9
STU0200,Student_200,65.3,61.5,84.6,77.5,62.4,66.2,78.6,83.1,64.1,68.6
STU0201,Student_201,77.6,63.8,70.6,65.8,58.0,73.2,70.5,74.1,67.4,82.4
STU0202,Student_202,76.8,76.1,65.1,84.1,72.6,79.5,69.9,79.2,76.7,77.9
STU0203,Student_203,71.7,73.9,57.4,57.7,67.9,62.0,80.7,65.5,84.4,61.2
STU0204,Student_204,68.2,62.1,52.6,52.1,69.1,58.4,65.6,65.7,56.2,60.8
STU0205,Student_205,59.8,70.2,64.7,64.1,54.5,66.8,68.1,65.2,65.2,56.2
STU0206,Student_206,71.3,67.7,68.8,55.0,62.3,62.3,73.3,67.1,73.0,80.9
STU0207,Student_207,78.2,75.6,69.2,69.2,66.9,75.8,71.1,68.7,71.5,82.7
STU0208,Student_208,71.8,65.2,78.7,72.8,61.7,82.2,60.9,68.1,64.4,70.3
STU0209,Student_209,67.5,72.0,68.6,49.0,54.8,74.1,79.6,66.0,56.5,61.4
STU0210,Student_210,80.4,65.8,72.8,56.7,57.3,72.9,75.3,78.3,67.5,80.6
STU0211,Student_211,75.1,56.8,59.0,56.3,59.3,65.5,71.9,71.6,68.1,65.4
STU0212,Student_212,72.3,62.8,63.3,68.3,70.4,58.2,75.1,76.3,71.6,70.7
STU0213,Student_213,65.5,55.5,57.8,53.3,48.7,49.4,52.0,57.9,60.5,68.1
STU0214,Student_214,69.3,47.6,55.4,63.2,52.9,63.0,63.5,58.0,63.1,60.1
STU0215,Student_215,78.6,67.5,50.4,69.0,70.3,58.7,58.9,69.9,68.9,78.6
STU0216,Student_216,53.4,55.7,56.0,59.4,47.6,53.2,60.1,65.7,56.7,60.7
STU0217,Student_217,60.6,79.6,62.7,62.2,60.7,62.1,53.0,66.6,53.4,62.3
STU0218,Student_218,75.2,53.0,61.3,64.3,69.5,56.4,50.6,73.3,57.6,61.2
STU0219,Student_219,53.8,59.5,51.0,48.7,53.3,49.2,59.8,61.2,54.2,47.6
STU0220,Student_220,66.5,65.1,67.2,75.9,66.4,71.1,66.7,79.8,71.7,71.3
STU0221,Student_221,66.1,63.8,64.3,55.7,73.2,60.2,53.6,67.3,61.2,74.4
STU0222,Student_222,68.4,64.8,63.0,67.1,59.7,58.1,66.9,56.9,54.8,68.0
STU0223,Student_223,69.2,52.7,70.5,73.7,73.5,61.7,81.1,72.2,57.0,68.4
STU0224,Student_224,77.2,80.7,85.2,77.7,80.1,81.5,87.7,86.1,65.1,73.7
STU0225,Student_225,62.1,76.5,60.5,59.8,59.7,61.6,61.9,70.3,60.0,66.0
STU0226,Student_226,53.1,52.4,50.7,55.4,56.7,53.2,54.9,60.7,42.6,61.9
STU0227,Student_227,67.0,71.9,71.8,45.8,70.5,73.1,75.5,71.3,60.7,73.3
STU0228,Student_228,82.8,73.8,69.9,66.4,72.3,65.2,73.9,65.7,61.9,68.6
STU0229,Student_229,74.4,69.5,66.1,66.7,64.8,67.8,67.9,76.6,58.7,66.3
STU0230,Student_230,75.3,64.2,72.0,64.6,66.2,70.0,67.7,73.3,68.1,73.6
STU0231,Student_231,69.9,56.0,76.2,73.1,68.4,74.1,72.3,70.7,73.5,52.5
STU0232,Student_232,64.7,68.0,71.4,60.3,66.8,61.9,67.0,73.0,57.5,66.7
STU0233,Student_233,74.2,75.7,87.4,64.9,67.3,76.0,75.1,74.6,70.9,92.4
STU0234,Student_234,53.2,60.6,59.6,63.1,72.3,61.1,65.9,66.9,68.4,58.6
STU0235,Student_235,47.9,55.0,52.7,51.6,55.4,47.5,62.6,66.1,46.6,53.2
STU0236,Student_236,43.9,49.0,51.3,50.6,41.5,56.7,60.1,60.5,44.8,53.2
STU0237,Student_237,59.2,67.3,68.6,69.0,77.2,72.6,73.3,71.8,76.6,68.5
STU0238,Student_238,61.4,70.5,60.6,71.4,80.2,68.6,77.3,71.2,70.3,73.3
STU0239,Student_239,73.9,55.2,52.0,52.8,68.9,64.7,60.9,67.8,65.6,67.2
STU0240,Student_240,69.3,74.4,66.8,65.9,75.6,66.9,77.7,55.5,71.6,69.0
STU0241,Student_241,73.3,54.4,56.6,70.2,62.1,67.0,66.5,61.5,47.2,68.8
STU0242,Student_242,63.3,54.6,58.0,42.9,45.2,64.0,79.6,61.6,65.9,59.5
STU0243,Student_243,68.7,74.5,55.0,60.4,47.1,66.9,53.8,63.1,62.3,81.6
STU0244,Student_244,60.9,71.6,55.1,56.9,64.1,62.7,59.3,68.7,68.9,65.7
STU0245,Student_245,79.0,74.5,74.0,68.1,67.7,81.9,76.1,83.1,74.1,75.5
STU0246,Student_246,66.5,54.0,59.7,50.3,51.7,60.6,62.2,61.4,58.0,50.4
STU0247,Student_247,69.6,67.6,73.6,66.8,68.6,74.2,83.2,68.3,66.6,68.3
STU0248,Student_248,68.8,63.9,77.2,74.2,65.7,64.3,58.6,68.2,63.5,70.8
STU0249,Student_249,68.9,63.8,64.0,51.0,51.4,64.1,68.9,64.7,58.8,56.0
STU0250,Student_250,68.5,69.2,71.7,58.0,64.6,64.0,76.8,71.9,73.4,57.3
STU0251,Student_251,63.5,68.0,59.2,55.5,76.8,71.8,72.3,69.6,54.6,68.9
STU0252,Student_252,56.1,59.8,50.7,71.2,51.7,78.7,54.4,76.5,54.9,69.9
STU0253,Student_253,69.8,57.9,76.8,60.8,71.3,63.8,75.9,57.9,79.1,68.0
STU0254,Student_254,73.1,65.8,61.1,65.9,63.7,68.6,76.6,70.0,62.2,67.6
STU0255,Student_255,65.9,74.6,59.8,62.6,70.5,64.7,72.0,71.6,64.5,58.0
STU0256,Student_256,73.3,62.2,69.3,61.0,76.8,66.9,71.9,69.8,62.4,74.3
STU0257,Student_257,67.7,61.0,60.1,57.5,65.4,71.3,63.2,70.2,62.1,66.7
STU0258,Student_258,67.2,56.2,53.7,77.0,65.9,56.1,60.5,69.0,53.9,51.3
STU0259,Student_259,70.3,59.7,55.4,66.5,48.9,54.9,62.7,61.7,55.2,66.3
STU0260,Student_260,81.7,69.5,79.1,62.6,77.8,60.7,71.7,73.5,75.4,77.1
STU0261,Student_261,68.7,82.4,65.6,74.6,64.8,66.8,66.7,75.1,65.4,80.0
STU0262,Student_262,67.0,58.2,43.7,45.7,54.7,42.8,47.6,57.3,57.9,58.9
STU0263,Student_263,59.4,52.0,65.7,44.2,60.4,63.7,55.2,63.1,63.8,65.0
STU0264,Student_264,76.7,72.8,70.3,73.0,69.8,85.6,69.3,70.4,73.3,72.0
STU0265,Student_265,65.1,57.7,56.9,68.4,63.1,59.3,62.0,67.1,61.2,68.4
STU0266,Student_266,74.7,71.4,62.6,80.0,67.3,63.4,76.1,82.3,95.4,64.8
STU0267,Student_267,61.2,72.1,63.4,63.5,58.6,74.9,72.8,66.3,74.9,61.6
STU0268,Student_268,67.5,63.3,64.6,62.3,70.6,60.8,61.9,63.7,66.3,62.6
STU0269,Student_269,57.1,70.2,71.1,67.1,63.7,71.9,73.5,57.8,55.8,64.1
STU0270,Student_270,75.8,63.0,59.3,68.0,74.1,65.2,65.8,75.8,64.9,70.9
STU0271,Student_271,77.9,62.8,64.7,60.9,64.5,61.7,63.5,71.2,74.3,69.3
STU0272,Student_272,61.2,59.7,67.2,48.8,52.1,61.8,66.6,69.7,73.4,71.1
STU0273,Student_273,80.0,72.5,58.0,74.0,81.0,80.1,63.8,71.3,84.0,83.6
STU0274,Student_274,72.8,82.3,80.9,80.2,70.5,72.7,69.5,88.0,78.1,70.4
STU0275,Student_275,70.8,76.6,62.8,60.6,72.9,68.3,78.4,72.2,61.3,74.5
STU0276,Student_276,71.0,75.4,65.1,66.1,57.8,62.0,52.5,68.2,65.2,59.7
STU0277,Student_277,73.2,86.2,71.6,70.9,80.9,62.2,78.2,79.1,60.2,70.8
STU0278,Student_278,83.0,63.9,76.7,73.2,62.4,72.1,79.9,68.1,57.6,73.0
STU0279,Student_279,59.9,61.2,63.1,64.3,56.4,48.2,57.9,60.8,59.9,40.8
STU0280,Student_280,72.0,56.4,45.9,55.8,62.8,60.1,65.4,68.0,65.2,79.0
STU0281,Student_281,73.1,65.5,63.5,55.4,60.9,74.5,77.3,89.3,74.4,74.4
STU0282,Student_282,77.7,66.9,70.4,64.0,71.3,71.9,67.4,75.6,71.9,67.9
STU0283,Student_283,69.9,63.7,67.7,74.2,79.8,73.4,75.7,82.4,71.8,82.6
STU0284,Student_284,71.1,62.5,71.2,62.3,63.9,67.9,64.5,79.0,60.0,67.8
STU0285,Student_285,62.2,59.9,64.9,52.7,61.6,67.5,57.3,65.9,57.6,62.2
STU0286,Student_286,65.3,60.4,71.1,51.7,47.1,73.3,62.6,65.9,55.3,65.9
STU0287,Student_287,71.7,71.2,62.8,75.9,63.5,67.7,67.5,74.6,49.3,76.2
STU0288,Student_288,68.8,56.9,48.5,66.1,58.7,67.9,69.9,57.6,65.6,62.8
STU0289,Student_289,80.3,93.0,70.0,77.5,67.0,78.6,73.0,86.5,67.0,76.1
STU0290,Student_290,86.1,72.0,76.3,79.2,80.5,71.1,66.2,79.0,78.5,82.6
STU0291,Student_291,75.1,64.9,55.3,65.8,60.2,54.7,56.9,52.9,69.7,68.4
STU0292,Student_292,68.8,60.6,71.9,64.2,65.8,70.8,71.1,70.1,62.2,69.2
STU0293,Student_293,68.6,75.5,69.3,60.2,59.8,67.0,75.9,71.0,66.0,71.6
STU0294,Student_294,66.3,75.3,67.4,61.8,52.6,74.1,70.1,69.7,60.9,83.8
STU0295,Student_295,62.0,61.7,36.9,76.6,49.9,52.7,56.8,66.7,44.4,62.2
STU0296,Student_296,53.0,45.9,44.2,55.8,59.4,47.7,59.1,53.0,53.0,55.8
STU0297,Student_297,89.2,78.9,89.2,71.0,60.7,79.5,75.4,73.3,71.7,79.0
STU0298,Student_298,63.4,52.0,53.9,59.7,51.9,57.8,56.3,61.8,53.7,67.6
STU0299,Student_299,63.5,72.3,47.4,52.2,58.0,49.5,56.1,66.0,74.1,59.7
STU0300,Student_300,77.0,73.1,74.9,76.1,78.0,69.2,76.5,68.9,54.6,66.6
STU0301,Student_301,56.7,68.3,66.3,59.7,71.1,54.6,50.7,77.4,67.9,59.0
STU0302,Student_302,65.1,59.4,81.4,75.9,69.3,68.0,79.9,73.5,65.7,68.6
STU0303,Student_303,78.4,65.2,72.0,76.6,78.7,79.4,68.1,76.3,75.4,69.0
STU0304,Student_304,70.4,72.5,69.8,67.9,60.9,78.9,64.9,71.4,67.6,68.2
STU0305,Student_305,63.5,67.9,61.0,57.7,65.1,51.1,70.5,54.4,60.2,71.1
STU0306,Student_306,62.2,75.4,71.6,65.3,56.7,65.0,63.0,63.9,59.1,71.9
STU0307,Student_307,69.0,56.8,81.6,63.8,72.7,66.5,62.3,70.3,59.3,62.2
STU0308,Student_308,77.7,65.6,69.0,56.3,58.8,74.2,62.3,77.6,67.7,59.8
STU0309,Student_309,74.3,74.0,54.8,61.0,58.2,63.2,69.6,73.6,77.3,76.1
STU0310,Student_310,68.0,54.2,66.6,73.1,61.5,60.9,61.6,58.5,65.9,72.3
STU0311,Student_311,62.4,62.9,69.5,59.2,62.9,72.1,52.3,48.9,54.2,63.7
STU0312,Student_312,69.7,71.8,77.0,61.2,64.6,66.6,63.9,77.1,69.9,67.9
STU0313,Student_313,58.8,67.6,65.1,62.7,71.4,73.3,77.4,72.0,84.1,76.8
STU0314,Student_314,64.4,48.8,67.5,66.1,54.8,50.3,60.8,70.1,59.1,55.4
STU0315,Student_315,74.6,65.4,72.5,69.6,69.9,65.4,69.9,65.7,75.2,70.4
STU0316,Student_316,64.5,69.9,88.5,73.2,73.1,60.2,69.8,76.9,64.3,86.1
STU0317,Student_317,70.3,71.3,65.5,67.3,69.8,64.4,67.5,79.9,69.4,74.0
STU0318,Student_318,67.2,68.4,67.1,73.4,67.0,76.6,82.5,72.6,73.9,67.9
STU0319,Student_319,64.4,65.3,64.5,60.3,67.2,66.8,66.4,68.8,68.4,71.1
STU0320,Student_320,57.9,55.4,50.7,50.7,57.5,52.5,52.2,58.8,47.8,53.3
STU0321,Student_321,44.2,57.5,46.9,58.9,67.1,48.8,61.3,60.6,46.5,46.8
STU0322,Student_322,75.1,67.4,48.5,72.9,74.0,66.9,64.2,72.3,73.8,74.1
STU0323,Student_323,76.0,66.9,65.0,59.2,74.3,70.5,65.2,77.9,75.4,76.7
STU0324,Student_324,73.6,73.7,74.2,63.7,92.8,78.5,72.7,73.6,81.2,71.8
STU0325,Student_325,50.5,50.9,58.4,61.2,65.0,45.3,62.9,59.1,73.5,61.6
STU0326,Student_326,63.5,70.6,79.5,77.4,68.9,61.1,68.7,81.3,65.9,62.2
STU0327,Student_327,63.4,54.0,52.6,36.7,57.0,54.1,67.1,53.7,49.3,53.6
STU0328,Student_328,52.1,67.0,74.3,65.8,57.7,65.1,68.4,66.6,73.7,63.8
STU0329,Student_329,68.8,75.1,69.2,55.5,63.8,70.5,52.9,71.5,71.4,63.3
STU0330,Student_330,62.1,54.5,71.5,59.4,61.6,67.9,68.8,70.6,57.8,79.0
STU0331,Student_331,72.5,52.9,66.1,60.0,68.2,62.7,65.4,66.6,56.0,69.0
STU0332,Student_332,67.0,70.8,77.1,62.9,65.8,64.6,68.8,71.9,70.0,72.9
STU0333,Student_333,70.4,65.9,64.9,59.0,65.0,63.4,67.1,68.8,62.2,71.8
STU0334,Student_334,61.9,57.6,58.5,53.5,62.1,63.0,55.8,60.4,53.8,61.6
STU0335,Student_335,82.3,66.2,70.3,62.2,73.3,63.5,68.4,59.3,74.3,67.3
STU0336,Student_336,67.2,70.7,62.9,52.4,63.3,65.0,69.9,79.7,69.2,68.5
STU0337,Student_337,73.2,75.0,70.3,71.8,62.3,69.2,65.0,71.2,75.8,67.9
STU0338,Student_338,62.2,72.2,83.2,71.7,75.0,78.2,62.4,75.3,53.1,72.2
STU0339,Student_339,72.6,61.7,60.0,66.8,66.9,60.5,82.6,58.9,62.7,66.0
STU0340,Student_340,54.5,43.4,58.5,42.5,43.8,62.3,51.9,57.5,59.4,55.3
STU0341,Student_341,72.4,78.8,81.1,73.0,69.6,80.8,73.9,73.1,60.6,66.3
STU0342,Student_342,75.5,81.5,80.1,75.7,72.8,72.2,63.4,84.7,66.5,75.0
STU0343,Student_343,43.2,54.7,49.1,39.8,54.0,48.2,50.8,50.3,42.1,49.8
STU0344,Student_344,63.9,54.8,42.4,57.6,64.9,57.4,54.0,67.7,58.2,49.7
STU0345,Student_345,75.9,72.5,70.2,64.2,68.1,65.5,64.7,67.5,77.0,71.7
STU0346,Student_346,71.9,73.7,51.1,78.9,70.2,72.7,74.4,68.6,79.8,74.4
STU0347,Student_347,51.0,68.7,67.3,70.0,57.0,59.0,61.1,60.2,50.3,74.2
STU0348,Student_348,74.1,67.2,72.5,57.4,66.1,73.4,76.1,82.9,74.0,71.0
STU0349,Student_349,63.8,55.8,62.8,73.0,53.5,49.0,45.3,49.9,58.7,54.6
STU0350,Student_350,60.3,74.4,61.8,59.7,67.7,62.3,81.0,65.3,69.8,63.4
STU0351,Student_351,69.8,74.6,61.9,78.6,72.0,87.2,66.0,66.5,74.5,76.0
STU0352,Student_352,70.7,56.2,63.8,67.8,48.3,61.3,72.9,60.5,63.1,65.2
STU0353,Student_353,70.1,69.2,64.7,56.0,61.7,60.4,72.6,65.0,75.8,62.1
STU0354,Student_354,69.5,68.7,60.0,65.7,63.4,73.3,68.2,59.1,70.2,64.4
STU0355,Student_355,77.6,65.0,63.5,60.6,60.5,65.3,58.4,63.4,54.5,53.1
STU0356,Student_356,71.5,68.1,84.6,67.9,63.0,69.5,67.2,58.6,69.8,72.8
STU0357,Student_357,79.7,72.0,78.1,72.4,75.1,71.8,70.1,71.1,77.5,69.6
STU0358,Student_358,93.6,85.0,81.2,81.3,65.8,72.3,75.0,85.0,75.1,75.6
STU0359,Student_359,67.4,60.8,71.1,64.2,53.3,64.6,64.5,71.9,72.1,58.6
STU0360,Student_360,72.8,71.8,84.5,71.4,71.2,65.6,61.9,79.7,74.4,72.6
STU0361,Student_361,63.7,59.2,56.3,64.4,62.5,57.6,65.9,56.6,58.0,58.0
STU0362,Student_362,79.6,80.7,59.1,76.4,84.8,75.9,74.0,69.6,73.4,75.4
STU0363,Student_363,66.5,57.9,64.8,70.1,71.1,78.7,64.0,64.4,51.0,71.0
STU0364,Student_364,64.3,60.0,72.7,60.5,56.2,68.1,64.4,71.3,65.5,77.7
STU0365,Student_365,85.3,56.2,61.2,58.6,65.8,53.3,71.3,77.2,62.3,74.4
STU0366,Student_366,84.7,80.9,78.0,73.5,80.5,79.1,74.4,88.7,69.9,87.0
STU0367,Student_367,69.0,64.1,65.1,63.7,70.6,88.2,56.2,77.9,78.9,80.6
STU0368,Student_368,72.7,62.7,74.2,68.1,66.9,69.8,67.3,64.1,66.2,69.1
STU0369,Student_369,73.2,76.2,75.6,76.2,63.5,65.6,74.8,75.0,69.2,72.2
STU0370,Student_370,58.0,53.4,60.6,53.4,56.0,60.4,55.8,58.8,51.1,64.1
STU0371,Student_371,71.4,67.5,68.9,73.8,67.0,60.2,58.1,67.9,65.6,73.0
STU0372,Student_372,65.9,69.7,69.9,78.9,75.4,61.8,71.7,85.8,76.1,76.0
STU0373,Student_373,72.2,72.5,68.0,66.9,60.5,64.9,58.1,61.4,59.8,59.9
STU0374,Student_374,82.6,72.2,59.3,60.0,64.7,68.7,61.9,70.8,66.6,64.6
STU0375,Student_375,72.9,63.6,51.3,76.9,47.1,54.9,62.7,77.7,71.6,66.9
STU0376,Student_376,69.1,68.3,68.9,65.9,63.0,60.9,74.3,64.3,53.3,74.5
STU0377,Student_377,59.7,67.5,61.5,58.6,55.0,59.8,57.8,60.2,57.8,61.1
STU0378,Student_378,59.8,62.8,67.2,54.7,51.1,56.6,56.8,60.3,54.7,67.6
STU0379,Student_379,71.1,61.6,80.2,61.0,69.8,72.2,82.9,72.4,67.2,79.1
STU0380,Student_380,63.8,68.3,73.6,50.1,61.7,55.2,65.9,58.3,58.1,71.8
STU0381,Student_381,69.7,55.2,53.7,64.0,44.4,65.9,63.9,68.5,60.7,70.0
STU0382,Student_382,50.4,67.9,54.8,49.9,58.3,50.1,55.9,65.4,69.7,53.0
STU0383,Student_383,75.5,75.0,70.2,88.3,59.8,78.0,64.0,74.1,63.6,71.7
STU0384,Student_384,64.9,67.1,81.4,54.1,66.6,53.1,50.5,63.4,64.8,62.1
STU0385,Student_385,75.6,72.3,80.2,58.9,60.4,63.2,77.1,74.8,82.8,61.9
STU0386,Student_386,68.4,71.8,79.5,74.0,71.4,74.9,75.6,71.2,66.8,71.9
STU0387,Student_387,76.3,70.8,62.2,74.8,62.4,76.2,64.7,67.5,76.6,74.8
STU0388,Student_388,84.5,72.6,67.4,72.5,75.2,76.1,73.6,89.9,72.6,78.3
STU0389,Student_389,75.6,69.3,71.8,69.1,66.7,70.5,72.1,71.3,77.8,80.4
STU0390,Student_390,53.0,65.8,50.9,43.3,56.3,59.2,49.5,56.6,62.9,61.7
STU0391,Student_391,70.9,60.3,60.8,55.9,51.2,56.3,59.6,68.0,63.6,79.2
STU0392,Student_392,75.3,66.9,68.6,59.8,58.6,66.7,63.0,66.5,67.9,72.5
STU0393,Student_393,60.6,60.5,77.9,51.0,62.2,59.4,79.3,64.7,61.4,68.9
STU0394,Student_394,62.3,53.5,56.4,58.3,58.4,51.1,65.6,57.7,58.5,53.3
STU0395,Student_395,64.4,48.3,41.6,40.3,53.9,61.8,45.3,60.7,63.9,67.3
STU0396,Student_396,73.3,72.7,70.0,55.0,70.3,59.7,57.6,76.1,65.4,65.4
STU0397,Student_397,61.2,69.9,51.7,51.1,54.2,59.2,56.8,64.3,53.4,54.7
STU0398,Student_398,71.3,76.9,66.4,58.4,58.8,58.1,64.0,73.5,63.3,75.8
STU0399,Student_399,78.7,57.3,65.8,67.9,63.9,68.8,58.8,64.8,72.3,75.3
STU0400,Student_400,78.3,73.6,65.5,68.2,68.5,64.7,81.0,68.9,75.0,76.2
STU0401,Student_401,56.6,81.0,75.8,75.5,72.1,79.9,73.3,76.3,64.6,70.1
STU0402,Student_402,54.7,51.6,42.3,57.2,65.7,55.7,57.1,54.1,47.4,54.7
STU0403,Student_403,64.3,64.0,58.2,68.9,56.6,70.3,58.3,64.8,63.5,63.5
STU0404,Student_404,55.1,50.6,66.9,60.6,61.1,57.7,67.8,69.1,71.8,68.8
STU0405,Student_405,79.8,79.0,71.4,76.5,78.2,76.6,74.2,78.3,82.7,87.0
STU0406,Student_406,73.5,57.1,51.2,64.8,61.8,56.6,61.6,68.2,52.7,66.7
STU0407,Student_407,61.8,67.6,69.5,64.3,60.8,62.6,69.7,78.0,61.9,78.6
STU0408,Student_408,53.0,38.8,55.4,43.0,36.1,46.3,37.9,51.0,40.0,54.9
STU0409,Student_409,57.7,64.7,59.4,55.7,55.6,55.5,71.1,70.7,56.8,60.3
STU0410,Student_410,72.4,81.1,59.2,65.3,64.9,65.5,75.1,80.5,83.1,79.9
STU0411,Student_411,76.6,60.7,69.2,65.9,51.7,55.6,73.6,60.7,53.3,76.5
STU0412,Student_412,65.1,59.0,53.2,62.7,58.8,50.2,58.9,63.3,52.5,78.9
STU0413,Student_413,72.9,54.1,68.8,60.2,58.8,60.3,61.7,66.6,59.9,75.8
STU0414,Student_414,48.5,56.0,50.0,49.8,59.8,60.8,49.7,56.1,57.3,58.4
STU0415,Student_415,85.4,68.4,62.6,60.1,74.4,60.8,73.3,74.7,74.0,71.4
STU0416,Student_416,70.9,55.2,60.7,69.6,57.0,55.4,65.2,71.7,65.9,69.3
STU0417,Student_417,65.5,67.5,61.8,62.1,60.7,75.2,61.0,74.5,70.3,75.1
STU0418,Student_418,75.4,67.0,63.9,60.4,54.9,64.8,62.8,74.6,55.1,73.0
STU0419,Student_419,55.4,54.9,64.5,64.9,56.4,62.9,53.1,62.4,67.7,65.1
STU0420,Student_420,69.7,57.0,55.9,53.4,61.4,63.7,59.7,52.1,55.9,61.4
STU0421,Student_421,68.5,75.4,73.8,54.9,72.2,71.7,64.9,71.8,71.0,66.9
STU0422,Student_422,68.2,71.3,67.9,72.1,60.4,56.5,62.5,70.6,55.6,66.9
STU0423,Student_423,73.4,73.5,68.0,67.3,79.7,71.9,83.9,78.4,71.9,75.7
STU0424,Student_424,64.0,69.5,57.9,59.4,52.9,54.0,64.5,80.1,64.7,76.3
STU0425,Student_425,82.4,68.7,63.2,73.6,65.5,91.1,84.0,86.1,81.8,75.3
STU0426,Student_426,61.6,58.3,58.6,63.7,61.1,46.7,54.1,65.4,44.5,58.9
STU0427,Student_427,68.8,63.8,58.9,60.0,72.6,55.1,64.0,60.6,60.6,58.2
STU0428,Student_428,61.2,56.2,41.2,47.3,60.7,51.5,58.4,59.5,49.2,64.1
STU0429,Student_429,68.8,66.5,58.4,64.8,61.4,53.0,52.2,66.2,64.7,72.4
STU0430,Student_430,55.5,50.9,48.2,49.4,38.6,63.8,64.8,54.7,58.9,66.2
STU0431,Student_431,76.0,63.9,70.1,71.7,44.4,75.3,59.2,66.3,67.1,62.3
STU0432,Student_432,62.8,73.8,56.8,67.2,69.1,66.1,74.6,75.2,64.0,74.2
STU0433,Student_433,75.1,46.5,53.9,45.7,61.0,55.9,60.1,62.5,69.5,65.1
STU0434,Student_434,73.2,70.7,69.2,62.6,53.2,47.4,61.4,72.5,70.0,66.6
STU0435,Student_435,69.5,52.8,80.6,84.2,71.1,70.0,66.5,76.2,58.6,75.0
STU0436,Student_436,89.1,69.7,67.0,82.6,72.6,70.7,81.3,67.2,75.5,74.6
STU0437,Student_437,78.1,76.8,64.2,80.8,74.7,64.9,71.6,72.8,74.3,71.4
STU0438,Student_438,81.3,71.4,76.3,62.8,72.4,73.9,75.3,78.0,69.1,76.7
STU0439,Student_439,62.6,50.9,42.7,64.3,67.1,62.0,68.8,68.8,49.5,59.2
STU0440,Student_440,67.4,59.6,52.2,58.3,64.8,67.8,73.7,67.9,70.8,65.8
STU0441,Student_441,56.3,62.2,52.1,54.2,52.7,52.5,60.0,63.1,44.6,66.3
STU0442,Student_442,72.8,56.0,77.8,55.9,73.9,60.3,58.7,72.5,64.7,85.2
STU0443,Student_443,76.1,73.1,61.2,57.9,56.9,69.0,60.7,61.5,62.9,59.0
STU0444,Student_444,70.4,67.0,66.5,59.3,85.0,66.4,60.3,62.6,69.8,60.3
STU0445,Student_445,72.1,67.8,82.0,79.3,76.2,80.3,79.8,84.7,68.6,70.3
STU0446,Student_446,74.3,63.5,80.6,70.3,68.0,71.5,67.9,76.9,60.0,67.2
STU0447,Student_447,85.1,70.9,72.0,76.6,79.2,67.3,68.0,82.3,75.7,83.4
STU0448,Student_448,73.0,72.7,65.5,53.9,78.2,56.7,65.3,78.3,71.6,71.1
STU0449,Student_449,74.8,73.1,79.6,63.0,71.9,62.4,58.1,77.1,81.8,69.8
STU0450,Student_450,68.4,56.8,55.9,59.4,54.8,60.2,67.2,74.8,55.0,71.7
STU0451,Student_451,66.2,67.2,75.5,73.3,77.6,73.7,58.5,67.8,69.5,66.1
STU0452,Student_452,60.5,58.1,55.0,69.5,59.3,64.9,66.6,76.2,53.6,62.7
STU0453,Student_453,66.8,83.0,73.8,79.5,73.3,80.7,76.5,80.5,79.2,75.0
STU0454,Student_454,72.7,60.5,66.0,60.6,58.3,70.8,81.1,70.1,60.2,60.2
STU0455,Student_455,71.9,80.8,62.2,46.8,72.0,70.7,75.4,69.7,63.1,63.9
STU0456,Student_456,62.8,63.2,55.0,47.1,56.8,70.2,60.1,67.8,56.8,57.2
STU0457,Student_457,60.5,68.7,76.7,83.9,75.0,78.3,81.1,70.1,73.2,81.4
STU0458,Student_458,66.3,67.4,77.2,65.8,67.8,71.2,62.2,78.6,71.5,73.7
STU0459,Student_459,80.2,66.3,69.1,62.8,82.9,80.1,64.7,69.2,72.3,75.6
STU0460,Student_460,66.9,60.6,67.8,78.2,80.7,68.6,70.5,73.9,66.3,58.3
STU0461,Student_461,75.7,72.2,74.0,78.0,69.9,68.6,57.0,71.7,59.7,63.1
STU0462,Student_462,63.6,62.0,61.7,67.1,68.4,63.5,69.2,71.5,72.6,74.4
STU0463,Student_463,74.4,49.6,67.5,58.6,59.2,67.4,56.7,62.6,60.9,47.6
STU0464,Student_464,70.3,66.7,73.4,65.2,74.9,76.2,69.3,71.3,74.8,77.0
STU0465,Student_465,70.3,54.9,83.3,65.3,62.3,65.2,59.1,80.0,59.1,56.1
STU0466,Student_466,85.3,64.5,65.2,78.3,64.4,76.8,71.6,80.0,55.6,74.9
STU0467,Student_467,67.4,50.4,51.6,56.4,61.1,42.5,55.9,61.2,53.5,51.4
STU0468,Student_468,60.7,54.9,64.4,63.0,54.8,59.2,69.1,63.4,67.1,67.3
STU0469,Student_469,51.8,66.4,57.6,59.2,51.1,52.1,53.0,61.0,52.0,73.2
STU0470,Student_470,61.2,61.5,55.9,49.3,48.0,55.4,55.6,70.3,57.2,48.0
STU0471,Student_471,74.9,71.4,65.5,72.5,72.7,84.3,67.7,68.2,61.2,74.5
STU0472,Student_472,71.3,58.4,72.2,64.7,81.5,68.5,60.7,72.5,79.7,59.6
STU0473,Student_473,63.0,59.1,56.1,41.5,66.4,59.7,65.5,56.3,53.6,66.4
STU0474,Student_474,76.0,66.6,60.8,46.2,73.4,64.3,68.5,74.3,57.6,64.4
STU0475,Student_475,74.8,66.8,72.6,62.8,65.6,59.5,89.0,87.8,75.0,74.8
STU0476,Student_476,81.9,72.0,71.5,67.0,65.7,60.1,61.5,69.5,50.6,61.1
STU0477,Student_477,79.5,69.2,71.2,74.8,68.4,82.4,74.7,68.3,83.4,82.2
STU0478,Student_478,80.7,66.1,53.6,66.4,64.4,62.9,63.7,74.3,69.9,59.8
STU0479,Student_479,73.8,65.8,54.7,81.3,73.0,63.2,70.5,67.7,73.4,77.6
STU0480,Student_480,82.2,75.5,64.2,61.9,73.2,82.0,76.4,73.8,75.9,72.5
STU0481,Student_481,66.2,64.4,57.8,65.3,56.6,76.2,67.7,75.0,64.9,60.6
STU0482,Student_482,60.9,62.2,61.4,63.3,52.8,66.4,70.6,68.4,54.0,74.1
STU0483,Student_483,72.3,66.0,57.7,59.0,55.9,63.6,63.1,67.9,64.1,67.7
STU0484,Student_484,75.8,63.1,61.4,65.1,69.3,65.3,73.8,67.3,58.5,79.8
STU0485,Student_485,64.8,65.7,55.6,47.5,75.0,56.3,65.5,66.2,63.4,70.4
STU0486,Student_486,61.3,68.5,62.4,74.6,74.5,59.5,66.4,67.7,70.1,62.7
STU0487,Student_487,58.9,64.5,72.8,56.9,49.8,57.2,62.5,61.9,72.9,65.0
STU0488,Student_488,65.1,68.9,74.8,83.9,79.6,66.7,87.0,72.9,71.8,72.9
STU0489,Student_489,59.5,73.3,66.8,64.9,72.7,60.4,62.3,73.0,72.1,77.8
STU0490,Student_490,69.5,65.3,62.1,71.6,54.1,55.7,68.3,68.9,62.3,70.0
STU0491,Student_491,76.3,65.6,63.0,64.2,63.5,68.0,62.2,62.8,61.7,69.1
STU0492,Student_492,70.8,69.6,69.7,65.7,74.6,69.4,80.0,77.3,69.7,68.2
STU0493,Student_493,58.9,81.5,73.1,63.1,72.3,80.5,75.7,58.4,65.3,70.7
STU0494,Student_494,64.9,55.3,56.1,61.9,52.8,58.7,59.1,64.5,63.4,72.3
STU0495,Student_495,64.9,68.8,62.6,63.2,66.1,64.8,66.7,63.4,53.9,64.4
STU0496,Student_496,87.0,60.1,56.7,63.5,55.5,73.5,73.6,76.2,63.7,70.5
STU0497,Student_497,59.6,67.8,66.3,62.4,62.8,63.7,62.5,72.4,68.3,63.5
STU0498,Student_498,62.0,72.6,66.2,54.8,68.3,66.2,66.8,71.5,66.0,59.5
STU0499,Student_499,82.0,73.0,66.3,84.0,67.9,73.8,71.8,68.9,60.4,61.9
STU0500,Student_500,74.6,71.0,81.1,66.2,64.4,71.0,70.8,76.1,72.0,65.9
STU0501,Student_501,73.1,72.1,78.0,62.4,67.1,72.1,67.0,73.0,59.3,68.0
STU0502,Student_502,58.6,78.3,67.6,79.3,60.0,64.9,60.6,73.2,62.0,65.7
STU0503,Student_503,64.0,73.3,55.9,64.5,77.3,71.6,66.5,68.8,72.4,72.6
STU0504,Student_504,86.2,82.0,74.8,73.2,77.8,73.8,73.8,85.0,86.9,86.5
STU0505,Student_505,74.4,62.7,63.4,63.3,66.8,73.1,69.0,66.7,63.0,69.6
STU0506,Student_506,47.7,40.8,49.1,43.9,50.3,53.4,57.4,62.9,54.4,57.4
STU0507,Student_507,71.4,75.7,70.5,61.7,69.5,62.7,76.2,74.2,69.6,77.8
STU0508,Student_508,76.5,74.2,62.0,69.9,70.8,73.0,76.6,75.6,83.8,75.9
STU0509,Student_509,81.9,70.7,72.4,76.6,72.8,57.2,70.6,77.6,76.2,77.1
STU0510,Student_510,63.0,64.2,54.7,70.1,67.0,69.7,63.6,65.8,66.2,68.1
STU0511,Student_511,63.8,78.6,62.3,68.5,69.4,73.0,62.8,63.2,67.8,66.1
STU0512,Student_512,53.4,45.0,51.7,58.9,54.2,51.5,65.5,58.6,48.9,54.4
STU0513,Student_513,79.9,73.9,48.2,65.9,63.0,65.9,78.3,79.8,59.4,60.2
STU0514,Student_514,71.1,69.2,77.3,72.2,69.5,64.7,60.1,63.1,62.1,66.7
STU0515,Student_515,63.2,62.7,66.1,51.8,51.7,66.3,64.9,57.5,54.3,61.9
STU0516,Student_516,64.9,63.6,59.4,62.4,67.0,78.1,68.6,62.4,59.9,71.9
STU0517,Student_517,67.3,46.7,38.2,58.7,59.1,55.8,55.2,52.8,51.9,60.0
STU0518,Student_518,69.8,68.4,66.2,68.9,66.4,68.0,71.2,72.8,59.8,67.0
STU0519,Student_519,53.0,58.3,55.1,43.8,54.0,63.3,65.7,54.6,51.3,62.5
STU0520,Student_520,75.6,60.3,69.3,69.2,52.2,60.2,56.7,63.6,68.3,71.6
STU0521,Student_521,52.0,70.8,62.5,64.2,69.8,68.4,66.8,56.7,62.2,70.8
STU0522,Student_522,59.4,37.5,54.4,49.7,49.7,53.3,54.6,56.7,58.6,63.9
STU0523,Student_523,73.0,73.0,85.9,73.9,82.2,58.7,74.3,73.3,63.3,66.4
STU0524,Student_524,54.9,67.3,79.2,63.5,50.3,55.2,59.5,54.5,62.6,66.4
STU0525,Student_525,65.8,59.3,56.6,52.9,55.6,56.1,46.4,60.9,55.5,67.8
STU0526,Student_526,56.0,53.3,59.8,65.7,62.0,61.4,61.3,65.4,80.3,75.3
STU0527,Student_527,61.4,60.6,58.7,74.8,55.8,64.9,52.6,68.1,75.2,70.5
STU0528,Student_528,72.7,55.2,72.3,53.7,59.5,49.4,61.5,54.2,51.8,66.2
STU0529,Student_529,52.5,69.4,46.3,58.9,61.7,60.2,57.1,58.1,53.7,62.1
STU0530,Student_530,58.1,67.5,56.1,61.4,49.3,69.1,59.0,68.9,69.9,62.5
STU0531,Student_531,76.5,67.4,61.3,62.7,68.8,62.3,70.6,66.5,58.8,65.8
STU0532,Student_532,69.3,62.9,68.0,53.0,63.5,71.9,60.3,72.3,67.5,71.3
STU0533,Student_533,58.3,56.9,48.0,42.9,56.1,53.2,52.4,71.0,61.2,60.8
STU0534,Student_534,71.5,75.5,80.7,85.6,79.2,80.2,86.2,78.5,75.4,89.8
STU0535,Student_535,72.0,65.8,70.1,80.1,66.9,73.4,75.2,75.4,57.8,67.2
STU0536,Student_536,65.6,67.7,65.7,64.5,57.6,73.0,68.4,65.9,53.9,66.9
STU0537,Student_537,82.9,83.1,92.1,71.8,66.0,70.5,82.5,77.9,79.5,75.8
STU0538,Student_538,69.0,61.7,59.9,68.6,63.1,62.7,62.9,75.2,60.8,62.6
STU0539,Student_539,53.2,59.1,52.8,55.2,57.6,53.9,50.8,61.9,55.9,48.7
STU0540,Student_540,74.9,70.0,61.1,72.1,58.2,66.8,68.7,68.3,66.7,60.3
STU0541,Student_541,61.8,68.6,61.3,54.4,57.8,69.5,59.2,78.5,62.4,65.8
STU0542,Student_542,64.5,58.2,58.5,55.6,64.6,58.9,45.9,66.7,58.3,52.6
STU0543,Student_543,82.2,63.3,59.5,78.9,54.7,58.5,76.5,65.4,62.3,68.4
STU0544,Student_544,73.9,82.0,79.1,65.1,83.9,86.3,79.7,78.1,65.5,83.6
STU0545,Student_545,78.9,68.6,84.4,64.8,68.3,70.7,74.2,73.0,53.2,76.7
STU0546,Student_546,62.3,70.8,72.9,72.6,69.0,67.9,63.6,76.0,70.7,61.2
STU0547,Student_547,58.9,59.3,37.0,47.4,52.5,58.2,68.1,68.9,62.9,48.8
STU0548,Student_548,70.2,80.6,60.8,56.7,68.0,82.2,73.8,70.0,65.5,75.6
STU0549,Student_549,78.8,79.9,84.7,65.8,67.8,69.2,90.8,87.9,76.6,77.2
STU0550,Student_550,78.7,65.2,72.5,84.1,75.0,53.4,74.8,73.0,74.0,63.7
STU0551,Student_551,52.8,49.0,34.4,46.4,55.0,51.9,52.1,43.3,49.4,47.0
STU0552,Student_552,65.8,53.7,68.7,69.0,62.5,62.5,56.1,68.5,65.4,68.9
STU0553,Student_553,73.7,74.8,66.3,59.1,76.1,65.3,65.7,66.3,76.6,71.3
STU0554,Student_554,66.3,84.9,75.3,48.0,68.3,58.0,71.2,73.1,71.4,63.2
STU0555,Student_555,62.7,51.5,54.9,67.4,56.4,64.0,54.5,66.5,59.2,67.5
STU0556,Student_556,74.9,73.5,62.5,71.6,65.7,70.8,71.2,83.9,62.4,77.8
STU0557,Student_557,54.9,70.2,65.3,43.4,60.5,56.4,65.3,70.5,55.2,65.1
STU0558,Student_558,64.1,62.7,55.6,52.0,50.9,59.5,49.3,51.8,62.9,53.8
STU0559,Student_559,67.7,62.7,66.9,62.7,65.3,61.9,72.5,72.7,75.1,62.7
STU0560,Student_560,67.6,82.5,65.6,73.4,79.6,80.3,60.5,73.6,60.8,71.8
STU0561,Student_561,67.8,68.5,73.5,47.6,61.5,63.8,52.4,79.9,69.5,80.0
STU0562,Student_562,79.7,69.0,78.7,79.9,75.9,63.6,79.3,66.2,63.1,80.0
STU0563,Student_563,55.0,49.1,47.4,52.8,56.7,55.5,63.9,54.3,59.4,67.4
STU0564,Student_564,73.3,66.8,61.2,63.2,61.9,60.6,75.8,69.9,65.4,74.4
STU0565,Student_565,67.2,74.5,63.3,61.4,49.6,63.0,65.4,59.7,57.1,58.3
STU0566,Student_566,67.6,65.2,58.6,61.4,71.4,61.6,58.6,72.1,63.3,63.3
STU0567,Student_567,64.6,60.3,69.0,63.3,66.1,63.3,59.3,65.6,64.3,70.0
STU0568,Student_568,78.8,65.6,56.8,56.8,56.0,57.0,66.5,64.6,59.4,65.3
STU0569,Student_569,71.6,71.9,61.0,68.1,78.8,67.9,75.0,75.4,82.1,68.8
STU0570,Student_570,68.1,73.6,72.4,76.2,71.9,66.5,86.2,81.9,66.1,64.3
STU0571,Student_571,77.8,63.0,64.9,57.0,58.3,64.6,65.0,68.6,57.5,64.7
STU0572,Student_572,63.5,68.5,84.6,52.5,56.1,53.0,77.5,67.7,59.2,59.3
STU0573,Student_573,41.7,42.2,52.6,57.1,37.5,48.1,36.4,51.9,55.0,50.2
STU0574,Student_574,78.0,58.9,66.8,76.7,59.1,57.7,66.7,65.1,84.5,63.7
STU0575,Student_575,68.7,66.7,70.1,67.8,66.2,56.8,68.1,80.5,64.2,62.1
STU0576,Student_576,68.1,68.1,65.7,58.3,47.7,65.0,54.6,67.1,64.5,59.7
STU0577,Student_577,70.6,69.4,75.9,70.0,61.1,61.9,62.4,69.5,60.0,62.3
STU0578,Student_578,65.9,63.0,57.3,57.7,81.8,58.0,72.0,66.5,53.2,60.8
STU0579,Student_579,86.3,84.6,83.7,77.1,76.1,74.6,78.1,87.3,73.2,87.4
STU0580,Student_580,48.7,61.1,53.0,66.4,51.0,48.0,62.5,58.5,58.2,66.4
STU0581,Student_581,62.2,49.3,56.4,59.3,60.6,73.2,69.9,69.7,78.1,66.2
STU0582,Student_582,67.7,69.3,68.5,84.3,88.5,87.8,80.3,80.8,70.1,77.0
STU0583,Student_583,70.0,58.8,59.1,67.3,55.6,59.1,66.4,74.8,62.7,64.8
STU0584,Student_584,66.2,50.0,69.0,65.8,56.4,54.1,55.8,66.3,67.6,58.9
STU0585,Student_585,73.6,73.5,79.8,73.2,60.2,69.8,68.9,67.8,55.3,68.4
STU0586,Student_586,63.2,79.0,57.7,72.5,62.6,64.2,64.5,67.4,63.1,69.6
STU0587,Student_587,76.3,58.1,53.1,60.3,60.1,64.4,64.0,61.4,56.9,48.5
STU0588,Student_588,76.9,55.5,69.6,57.4,75.6,69.8,72.9,70.0,66.1,77.0
STU0589,Student_589,64.6,66.7,63.6,66.4,77.9,71.7,79.0,62.4,57.2,68.8
STU0590,Student_590,72.3,64.1,54.5,68.4,68.0,58.8,57.2,66.7,62.8,69.0
STU0591,Student_591,70.6,65.0,70.6,63.2,72.2,54.6,64.0,73.7,61.6,73.9
STU0592,Student_592,71.4,68.8,58.7,52.8,63.3,62.8,66.1,63.4,80.9,73.6
STU0593,Student_593,82.4,76.2,71.8,77.5,77.8,62.9,86.0,87.5,74.3,75.6
STU0594,Student_594,72.8,77.8,72.2,85.3,80.6,65.2,83.7,75.2,72.2,83.2
STU0595,Student_595,75.8,71.3,75.7,69.1,80.9,70.5,67.9,66.3,66.6,78.7
STU0596,Student_596,68.3,56.2,50.3,43.3,48.1,52.8,51.4,54.2,58.5,55.1
STU0597,Student_597,63.5,79.2,65.1,52.7,57.6,61.9,68.2,71.4,64.7,58.5
STU0598,Student_598,70.5,79.3,61.9,68.8,62.9,68.1,75.3,70.3,61.6,68.9
STU0599,Student_599,73.5,79.0,80.2,61.8,71.7,66.0,71.4,83.3,72.5,63.7
STU0600,Student_600,65.8,74.1,78.9,61.4,69.3,68.6,75.2,75.8,80.2,73.6
